<?xml version="1.0" encoding="utf-8"?>
<resources>
    <color name="purple_200">#FFBB86FC</color>
    <color name="purple_500">#FF6200EE</color>
    <color name="purple_700">#FF3700B3</color>
    <color name="teal_200">#FF03DAC5</color>
    <color name="teal_700">#FF018786</color>
    <color name="black">#FF000000</color>
    <color name="white">#FFFFFFFF</color>
    
    <!-- Custom colors -->
    <color name="parent_primary">#FF2196F3</color>
    <color name="parent_secondary">#FF03DAC5</color>
    <color name="kids_primary">#FF4CAF50</color>
    <color name="kids_secondary">#FFFF9800</color>
    <color name="error_color">#FFF44336</color>
    <color name="success_color">#FF4CAF50</color>
    <color name="warning_color">#FFFF9800</color>
</resources>

