<?xml version="1.0" encoding="utf-8"?>
<data-extraction-rules>
    <cloud-backup>
        <exclude domain="sharedpref" path="ParentKidsAppPrefs.xml"/>
        <exclude domain="database" path="monitoring.db"/>
        <exclude domain="file" path="captures/"/>
        <exclude domain="file" path="logs/"/>
    </cloud-backup>
    <device-transfer>
        <exclude domain="sharedpref" path="ParentKidsAppPrefs.xml"/>
        <exclude domain="database" path="monitoring.db"/>
        <exclude domain="file" path="captures/"/>
        <exclude domain="file" path="logs/"/>
    </device-transfer>
</data-extraction-rules>

