{
  "project_info": {
    "project_number": "123456789012",
    "project_id": "parent-kids-app",
    "storage_bucket": "parent-kids-app.appspot.com"
  },
  "client": [
    {
      "client_info": {
        "mobilesdk_app_id": "1:123456789012:android:abcdef123456789",
        "android_client_info": {
          "package_name": "com.parentkidsapp"
        }
      },
      "oauth_client": [
        {
          "client_id": "123456789012-abcdefghijklmnopqrstuvwxyz123456.apps.googleusercontent.com",
          "client_type": 3
        }
      ],
      "api_key": [
        {
          "current_key": "AIzaSyABCDEFGHIJKLMNOPQRSTUVWXYZ1234567"
        }
      ],
      "services": {
        "appinvite_service": {
          "other_platform_oauth_client": [
            {
              "client_id": "123456789012-abcdefghijklmnopqrstuvwxyz123456.apps.googleusercontent.com",
              "client_type": 3
            }
          ]
        }
      }
    }
  ],
  "configuration_version": "1"
}

