<?xml version="1.0" encoding="utf-8"?>
<resources>
    <string name="app_name">Parent Kids App</string>
    
    <!-- Mode Selection -->
    <string name="select_mode">Select Mode</string>
    <string name="parent_mode">Parent Mode</string>
    <string name="kids_mode">Kids Mode</string>
    <string name="parent_mode_description">Monitor and control your child\'s device</string>
    <string name="kids_mode_description">Safe and monitored environment for kids</string>
    
    <!-- Parent Mode -->
    <string name="dashboard">Dashboard</string>
    <string name="camera_control">Camera Control</string>
    <string name="screen_monitoring">Screen Monitoring</string>
    <string name="gallery_access">Gallery Access</string>
    <string name="location_tracking">Location Tracking</string>
    <string name="notifications">Notifications</string>
    <string name="settings">Settings</string>
    <string name="generate_link">Generate Link</string>
    <string name="capture_front_camera">Capture Front Camera</string>
    <string name="capture_back_camera">Capture Back Camera</string>
    <string name="start_screen_mirror">Start Screen Mirror</string>
    <string name="capture_screenshot">Capture Screenshot</string>
    <string name="view_gallery">View Gallery</string>
    <string name="track_location">Track Location</string>
    <string name="view_notifications">View Notifications</string>
    
    <!-- Kids Mode -->
    <string name="kids_mode_active">Kids Mode Active</string>
    <string name="monitoring_active">Monitoring is active for your safety</string>
    <string name="setup_required">Setup Required</string>
    <string name="grant_permissions">Grant Permissions</string>
    <string name="permissions_explanation">This app needs certain permissions to keep you safe. Please allow all permissions when prompted.</string>
    
    <!-- Permissions -->
    <string name="permission_camera">Camera permission is required for safety monitoring</string>
    <string name="permission_location">Location permission is required for safety tracking</string>
    <string name="permission_storage">Storage permission is required to access media files</string>
    <string name="permission_notification">Notification access is required for monitoring</string>
    <string name="permission_overlay">Overlay permission is required for protection</string>
    <string name="permission_admin">Device admin permission is required for security</string>
    
    <!-- Service -->
    <string name="monitoring_service_title">Safety Monitoring</string>
    <string name="monitoring_service_description">Keeping you safe and secure</string>
    
    <!-- Errors -->
    <string name="error_camera_unavailable">Camera is not available</string>
    <string name="error_location_unavailable">Location is not available</string>
    <string name="error_permission_denied">Permission denied</string>
    <string name="error_connection_failed">Connection failed</string>
    
    <!-- Success -->
    <string name="success_linked">Successfully linked to parent device</string>
    <string name="success_permissions_granted">All permissions granted</string>
    <string name="success_setup_complete">Setup complete</string>
</resources>

